b96503,127.0.0.1,GET,http://testing.local/async/dashboardnews,1441719978,f438aa
5dbcf5,127.0.0.1,GET,http://testing.local/async/latestactivity,1441719978,f438aa
f438aa,10.1.0.1,GET,http://testing.local/bolt,1441719978,
194b53,10.1.0.1,GET,http://testing.local/async/latestactivity,1441720009,
92c198,10.1.0.1,GET,http://testing.local/async/latestactivity,1441720039,
2600e2,10.1.0.1,GET,http://testing.local/async/latestactivity,1441720069,
dfdbd4,10.1.0.1,GET,http://testing.local/async/latestactivity,1441720099,
4982d3,10.1.0.1,GET,http://testing.local/async/latestactivity,1441720129,
6daa29,127.0.0.1,GET,http://testing.local/async/dashboardnews,1441720148,3ae8ed
0d1a0e,127.0.0.1,GET,http://testing.local/async/latestactivity,1441720148,3ae8ed
3ae8ed,10.1.0.1,GET,http://testing.local/bolt,1441720148,
5be87a,10.1.0.1,GET,http://testing.local/async/latestactivity,1441720179,
b69519,10.1.0.1,GET,http://testing.local/async/latestactivity,1441720209,
f42748,10.1.0.1,GET,http://testing.local/async/latestactivity,1441720239,
1d2094,10.1.0.1,GET,http://testing.local/async/latestactivity,1441720269,
b2e58f,10.1.0.1,GET,http://testing.local/async/latestactivity,1441720299,
0bf0fd,10.1.0.1,GET,http://testing.local/async/latestactivity,1441720329,
4034f9,10.1.0.1,GET,http://testing.local/async/latestactivity,1441720359,
b392c8,10.1.0.1,GET,http://testing.local/async/latestactivity,1441720389,
745d93,10.1.0.1,GET,http://testing.local/async/latestactivity,1441720419,
876638,10.1.0.1,GET,http://testing.local/async/latestactivity,1441720449,
11b0bc,10.1.0.1,GET,http://testing.local/async/latestactivity,1441720479,
25c80a,10.1.0.1,GET,http://testing.local/async/latestactivity,1441720509,
a9e176,10.1.0.1,GET,http://testing.local/async/latestactivity,1441720539,
3222d2,10.1.0.1,GET,http://testing.local/async/latestactivity,1441720569,
03f2e5,10.1.0.1,GET,http://testing.local/async/latestactivity,1441720599,
d5f3cb,10.1.0.1,GET,http://testing.local/async/latestactivity,1441720629,
277246,10.1.0.1,GET,http://testing.local/async/latestactivity,1441720659,
5052a2,10.1.0.1,GET,http://testing.local/async/latestactivity,1441720689,
d53268,10.1.0.1,GET,http://testing.local/async/latestactivity,1441720719,
4b4565,10.1.0.1,GET,http://testing.local/async/latestactivity,1441720749,
9850d9,10.1.0.1,GET,http://testing.local/async/latestactivity,1441720779,
2df176,10.1.0.1,GET,http://testing.local/async/latestactivity,1441720809,
35a8f2,10.1.0.1,GET,http://testing.local/async/latestactivity,1441720839,
ef3117,10.1.0.1,GET,http://testing.local/async/latestactivity,1441720869,
7494d1,10.1.0.1,GET,http://testing.local/async/latestactivity,1441720899,
cecde2,10.1.0.1,GET,http://testing.local/async/latestactivity,1441720929,
c3acf7,10.1.0.1,GET,http://testing.local/async/latestactivity,1441720959,
45df27,10.1.0.1,GET,http://testing.local/async/latestactivity,1441720989,
68f115,10.1.0.1,GET,http://testing.local/async/latestactivity,1441721019,
3adf86,10.1.0.1,GET,http://testing.local/async/latestactivity,1441721049,
3a9121,10.1.0.1,GET,http://testing.local/async/latestactivity,1441721079,
d0a965,10.1.0.1,GET,http://testing.local/async/latestactivity,1441721109,
104067,10.1.0.1,GET,http://testing.local/async/latestactivity,1441721139,
a08fc0,10.1.0.1,GET,http://testing.local/async/latestactivity,1441721169,
410270,10.1.0.1,GET,http://testing.local/async/latestactivity,1441721199,
f32c0d,10.1.0.1,GET,http://testing.local/async/latestactivity,1441721229,
48e24e,10.1.0.1,GET,http://testing.local/async/latestactivity,1441721259,
a3432c,10.1.0.1,GET,http://testing.local/async/latestactivity,1441721289,
9ab390,10.1.0.1,GET,http://testing.local/async/latestactivity,1441721319,
1f2273,10.1.0.1,GET,http://testing.local/async/latestactivity,1441721349,
7f15b6,10.1.0.1,GET,http://testing.local/async/latestactivity,1441721379,
98e21c,10.1.0.1,GET,http://testing.local/async/latestactivity,1441721409,
4730a7,10.1.0.1,GET,http://testing.local/async/latestactivity,1441721439,
82b9a1,10.1.0.1,GET,http://testing.local/async/latestactivity,1441721469,
862ac3,10.1.0.1,GET,http://testing.local/async/latestactivity,1441721499,
79a679,10.1.0.1,GET,http://testing.local/async/latestactivity,1441721529,
6d2daf,10.1.0.1,GET,http://testing.local/async/latestactivity,1441721559,
e43f41,10.1.0.1,GET,http://testing.local/async/latestactivity,1441721589,
1e6f8a,10.1.0.1,GET,http://testing.local/async/latestactivity,1441721619,
60284b,10.1.0.1,GET,http://testing.local/async/latestactivity,1441721649,
77fc15,10.1.0.1,GET,http://testing.local/async/latestactivity,1441721679,
09a6e5,10.1.0.1,GET,http://testing.local/async/latestactivity,1441721709,
d290bf,10.1.0.1,GET,http://testing.local/async/latestactivity,1441721739,
efe1fc,10.1.0.1,GET,http://testing.local/async/latestactivity,1441721769,
571033,10.1.0.1,GET,http://testing.local/async/latestactivity,1441721799,
5e96a7,10.1.0.1,GET,http://testing.local/async/latestactivity,1441721829,
7b1688,10.1.0.1,GET,http://testing.local/async/latestactivity,1441721859,
234878,10.1.0.1,GET,http://testing.local/async/latestactivity,1441721889,
c661eb,10.1.0.1,GET,http://testing.local/async/latestactivity,1441721919,
7b28f1,10.1.0.1,GET,http://testing.local/async/latestactivity,1441721949,
028e71,10.1.0.1,GET,http://testing.local/async/latestactivity,1441721979,
01102b,10.1.0.1,GET,http://testing.local/async/latestactivity,1441722009,
1dce54,10.1.0.1,GET,http://testing.local/async/latestactivity,1441722039,
e3b04e,10.1.0.1,GET,http://testing.local/async/latestactivity,1441722069,
71b3a4,10.1.0.1,GET,http://testing.local/async/latestactivity,1441722099,
c3c80c,10.1.0.1,GET,http://testing.local/async/latestactivity,1441722129,
0f66f5,10.1.0.1,GET,http://testing.local/async/latestactivity,1441722159,
0b7fd8,10.1.0.1,GET,http://testing.local/async/latestactivity,1441722189,
0ddc3e,10.1.0.1,GET,http://testing.local/async/latestactivity,1441722219,
c0cec2,10.1.0.1,GET,http://testing.local/async/latestactivity,1441722249,
39400a,10.1.0.1,GET,http://testing.local/async/latestactivity,1441722279,
d37ebe,10.1.0.1,GET,http://testing.local/async/latestactivity,1441722309,
9c4246,10.1.0.1,GET,http://testing.local/async/latestactivity,1441722339,
645249,10.1.0.1,GET,http://testing.local/async/latestactivity,1441722369,
760367,10.1.0.1,GET,http://testing.local/async/latestactivity,1441722399,
b19ad1,10.1.0.1,GET,http://testing.local/async/latestactivity,1441722429,
ab0202,10.1.0.1,GET,http://testing.local/async/latestactivity,1441722459,
bb5e9c,10.1.0.1,GET,http://testing.local/async/latestactivity,1441722489,
1a59c5,10.1.0.1,GET,http://testing.local/async/latestactivity,1441722519,
6fe0b2,10.1.0.1,GET,http://testing.local/async/latestactivity,1441722549,
4b48fa,10.1.0.1,GET,http://testing.local/async/latestactivity,1441722579,
d8b527,10.1.0.1,GET,http://testing.local/async/latestactivity,1441722609,
5a9d4c,10.1.0.1,GET,http://testing.local/async/latestactivity,1441722639,
f170cc,10.1.0.1,GET,http://testing.local/async/latestactivity,1441722669,
de2e12,10.1.0.1,GET,http://testing.local/async/latestactivity,1441722699,
9fd498,10.1.0.1,GET,http://testing.local/async/latestactivity,1441722729,
89e5ef,10.1.0.1,GET,http://testing.local/async/latestactivity,1441722759,
12b8d5,10.1.0.1,GET,http://testing.local/async/latestactivity,1441722789,
3b7ae6,10.1.0.1,GET,http://testing.local/async/latestactivity,1441722819,
ccb455,10.1.0.1,GET,http://testing.local/async/latestactivity,1441722849,
67c2fe,10.1.0.1,GET,http://testing.local/async/latestactivity,1441722879,
46602f,10.1.0.1,GET,http://testing.local/async/latestactivity,1441722909,
3bdc24,10.1.0.1,GET,http://testing.local/async/latestactivity,1441722939,
cda660,10.1.0.1,GET,http://testing.local/async/latestactivity,1441722969,
373019,10.1.0.1,GET,http://testing.local/async/latestactivity,1441722999,
58d390,10.1.0.1,GET,http://testing.local/async/latestactivity,1441723029,
74826a,10.1.0.1,GET,http://testing.local/async/latestactivity,1441723059,
8401b4,10.1.0.1,GET,http://testing.local/async/latestactivity,1441723089,
3a5ec7,10.1.0.1,GET,http://testing.local/async/latestactivity,1441723119,
8dd784,10.1.0.1,GET,http://testing.local/async/latestactivity,1441723149,
f7be13,10.1.0.1,GET,http://testing.local/async/latestactivity,1441723179,
8ae680,10.1.0.1,GET,http://testing.local/async/latestactivity,1441723209,
81f497,10.1.0.1,GET,http://testing.local/async/latestactivity,1441723239,
a4e3d3,10.1.0.1,GET,http://testing.local/async/latestactivity,1441723269,
90dd28,10.1.0.1,GET,http://testing.local/async/latestactivity,1441723299,
4cd7f1,10.1.0.1,GET,http://testing.local/async/latestactivity,1441723329,
87b299,10.1.0.1,GET,http://testing.local/async/latestactivity,1441723359,
49ae95,10.1.0.1,GET,http://testing.local/async/latestactivity,1441723389,
8fe722,10.1.0.1,GET,http://testing.local/async/latestactivity,1441723419,
3a3075,10.1.0.1,GET,http://testing.local/async/latestactivity,1441723449,
d1468a,10.1.0.1,GET,http://testing.local/async/latestactivity,1441723479,
d74a85,10.1.0.1,GET,http://testing.local/async/latestactivity,1441723509,
e1d1d9,10.1.0.1,GET,http://testing.local/async/latestactivity,1441723539,
1fd2c5,10.1.0.1,GET,http://testing.local/async/latestactivity,1441723569,
2f6831,10.1.0.1,GET,http://testing.local/async/latestactivity,1441723599,
ee182a,10.1.0.1,GET,http://testing.local/async/latestactivity,1441723629,
03c618,10.1.0.1,GET,http://testing.local/async/latestactivity,1441723659,
f91c73,10.1.0.1,GET,http://testing.local/async/latestactivity,1441723689,
90fd1f,10.1.0.1,GET,http://testing.local/async/latestactivity,1441723719,
a12a70,10.1.0.1,GET,http://testing.local/async/latestactivity,1441723749,
ce1f84,10.1.0.1,GET,http://testing.local/async/latestactivity,1441723779,
4d0b49,10.1.0.1,GET,http://testing.local/async/latestactivity,1441723809,
a453fc,10.1.0.1,GET,http://testing.local/async/latestactivity,1441723839,
50d870,10.1.0.1,GET,http://testing.local/async/latestactivity,1441723869,
0a592f,10.1.0.1,GET,http://testing.local/async/latestactivity,1441723899,
ec4b34,10.1.0.1,GET,http://testing.local/async/latestactivity,1441723929,
5e177c,10.1.0.1,GET,http://testing.local/async/latestactivity,1441723959,
9c6cd4,10.1.0.1,GET,http://testing.local/async/latestactivity,1441723989,
55961e,10.1.0.1,GET,http://testing.local/async/latestactivity,1441724019,
038601,10.1.0.1,GET,http://testing.local/async/latestactivity,1441724049,
dbf628,10.1.0.1,GET,http://testing.local/async/latestactivity,1441724079,
337758,10.1.0.1,GET,http://testing.local/async/latestactivity,1441724109,
35fe1f,10.1.0.1,GET,http://testing.local/async/latestactivity,1441724139,
feaddd,10.1.0.1,GET,http://testing.local/async/latestactivity,1441724169,
0024d1,10.1.0.1,GET,http://testing.local/async/latestactivity,1441724199,
df9d0d,10.1.0.1,GET,http://testing.local/async/latestactivity,1441724229,
7188c2,10.1.0.1,GET,http://testing.local/async/latestactivity,1441724259,
b50030,10.1.0.1,GET,http://testing.local/async/latestactivity,1441724289,
0d9a9a,10.1.0.1,GET,http://testing.local/async/latestactivity,1441724319,
8773a4,10.1.0.1,GET,http://testing.local/async/latestactivity,1441724349,
d73a7c,10.1.0.1,GET,http://testing.local/async/latestactivity,1441724379,
69c2d9,10.1.0.1,GET,http://testing.local/async/latestactivity,1441724409,
d07ac8,10.1.0.1,GET,http://testing.local/async/latestactivity,1441724439,
8d307c,10.1.0.1,GET,http://testing.local/async/latestactivity,1441724469,
23f940,10.1.0.1,GET,http://testing.local/async/latestactivity,1441724499,
b18c49,10.1.0.1,GET,http://testing.local/async/latestactivity,1441724529,
f77faa,10.1.0.1,GET,http://testing.local/async/latestactivity,1441724559,
69277e,10.1.0.1,GET,http://testing.local/async/latestactivity,1441724589,
136bb5,10.1.0.1,GET,http://testing.local/async/latestactivity,1441724619,
dca11a,10.1.0.1,GET,http://testing.local/async/latestactivity,1441724649,
844072,10.1.0.1,GET,http://testing.local/async/latestactivity,1441724679,
73b801,10.1.0.1,GET,http://testing.local/async/latestactivity,1441724709,
e767f3,10.1.0.1,GET,http://testing.local/async/latestactivity,1441724739,
100ef7,10.1.0.1,GET,http://testing.local/async/latestactivity,1441724769,
b9c6a9,10.1.0.1,GET,http://testing.local/async/latestactivity,1441724799,
97b90d,10.1.0.1,GET,http://testing.local/async/latestactivity,1441724829,
c0a02a,10.1.0.1,GET,http://testing.local/async/latestactivity,1441724859,
f839cb,10.1.0.1,GET,http://testing.local/async/latestactivity,1441724889,
50d605,10.1.0.1,GET,http://testing.local/async/latestactivity,1441724919,
3800cd,10.1.0.1,GET,http://testing.local/async/latestactivity,1441724949,
3291e6,10.1.0.1,GET,http://testing.local/async/latestactivity,1441724979,
3f5346,10.1.0.1,GET,http://testing.local/async/latestactivity,1441725009,
f2619f,10.1.0.1,GET,http://testing.local/async/latestactivity,1441725039,
449269,10.1.0.1,GET,http://testing.local/async/latestactivity,1441725069,
bdb69f,10.1.0.1,GET,http://testing.local/async/latestactivity,1441725099,
5f37c7,10.1.0.1,GET,http://testing.local/async/latestactivity,1441725129,
6c02eb,10.1.0.1,GET,http://testing.local/async/latestactivity,1441725159,
b871e2,10.1.0.1,GET,http://testing.local/async/latestactivity,1441725189,
61ff2d,10.1.0.1,GET,http://testing.local/async/latestactivity,1441725219,
721f75,10.1.0.1,GET,http://testing.local/async/latestactivity,1441725249,
f66bba,10.1.0.1,GET,http://testing.local/async/latestactivity,1441725279,
19ff2a,10.1.0.1,GET,http://testing.local/async/latestactivity,1441725309,
74f1d3,10.1.0.1,GET,http://testing.local/async/latestactivity,1441725339,
ec76d7,10.1.0.1,GET,http://testing.local/async/latestactivity,1441725369,
4c9dff,10.1.0.1,GET,http://testing.local/async/latestactivity,1441725399,
56e507,10.1.0.1,GET,http://testing.local/async/latestactivity,1441725429,
bf7d7a,10.1.0.1,GET,http://testing.local/async/latestactivity,1441725459,
f49576,10.1.0.1,GET,http://testing.local/async/latestactivity,1441725489,
ce8705,10.1.0.1,GET,http://testing.local/async/latestactivity,1441725519,
47dfe3,10.1.0.1,GET,http://testing.local/async/latestactivity,1441725549,
15c345,10.1.0.1,GET,http://testing.local/async/latestactivity,1441725579,
076a72,10.1.0.1,GET,http://testing.local/async/latestactivity,1441725609,
bbb722,10.1.0.1,GET,http://testing.local/async/latestactivity,1441725639,
90b08b,10.1.0.1,GET,http://testing.local/async/latestactivity,1441725669,
26bb0d,10.1.0.1,GET,http://testing.local/async/latestactivity,1441725699,
c0fcda,10.1.0.1,GET,http://testing.local/async/latestactivity,1441725729,
0f1b37,10.1.0.1,GET,http://testing.local/async/latestactivity,1441725759,
a2b2a0,10.1.0.1,GET,http://testing.local/async/latestactivity,1441725790,
97d347,10.1.0.1,GET,http://testing.local/async/latestactivity,1441725819,
51cab9,10.1.0.1,GET,http://testing.local/async/latestactivity,1441725850,
100c55,10.1.0.1,GET,http://testing.local/async/latestactivity,1441725879,
0545e8,10.1.0.1,GET,http://testing.local/async/latestactivity,1441725910,
f0e91b,10.1.0.1,GET,http://testing.local/async/latestactivity,1441725940,
b2ab15,10.1.0.1,GET,http://testing.local/async/latestactivity,1441725970,
b5c4a2,10.1.0.1,GET,http://testing.local/async/latestactivity,1441726000,
526a0f,10.1.0.1,GET,http://testing.local/async/latestactivity,1441726030,
c353f8,10.1.0.1,GET,http://testing.local/async/latestactivity,1441726060,
e4240d,127.0.0.1,GET,http://testing.local/async/dashboardnews,1441726068,36bfe4
d62839,127.0.0.1,GET,http://testing.local/async/latestactivity,1441726068,36bfe4
36bfe4,10.1.0.1,GET,http://testing.local/bolt,1441726068,
c5cae8,10.1.0.1,GET,http://testing.local/async/latestactivity,1441726099,
6626ae,10.1.0.1,GET,http://testing.local/async/latestactivity,1441726129,
edb451,10.1.0.1,GET,http://testing.local/async/latestactivity,1441726159,
782a30,10.1.0.1,GET,http://testing.local/async/latestactivity,1441726189,
e0c197,10.1.0.1,GET,http://testing.local/async/latestactivity,1441726219,
6c1f1d,10.1.0.1,GET,http://testing.local/async/latestactivity,1441726249,
08db06,10.1.0.1,GET,http://testing.local/async/latestactivity,1441726279,
45c15b,10.1.0.1,GET,http://testing.local/async/latestactivity,1441726309,
efd91f,10.1.0.1,GET,http://testing.local/async/latestactivity,1441726339,
e65ae1,10.1.0.1,GET,http://testing.local/async/latestactivity,1441726369,
92a560,10.1.0.1,GET,http://testing.local/async/latestactivity,1441726399,
022603,10.1.0.1,GET,http://testing.local/async/latestactivity,1441726429,
c8cf39,10.1.0.1,GET,http://testing.local/async/latestactivity,1441726459,
9616b2,10.1.0.1,GET,http://testing.local/async/latestactivity,1441726489,
caa7e5,10.1.0.1,GET,http://testing.local/async/latestactivity,1441726519,
2e3045,10.1.0.1,GET,http://testing.local/async/latestactivity,1441726549,
784269,10.1.0.1,GET,http://testing.local/async/latestactivity,1441726579,
2970ff,10.1.0.1,GET,http://testing.local/async/latestactivity,1441726609,
c8c62b,10.1.0.1,GET,http://testing.local/async/latestactivity,1441726639,
259d4e,10.1.0.1,GET,http://testing.local/async/latestactivity,1441726669,
2da662,10.1.0.1,GET,http://testing.local/async/latestactivity,1441726699,
f04fdd,10.1.0.1,GET,http://testing.local/async/latestactivity,1441726729,
3a4ba3,10.1.0.1,GET,http://testing.local/async/latestactivity,1441726759,
f91df5,10.1.0.1,GET,http://testing.local/async/latestactivity,1441726789,
252983,10.1.0.1,GET,http://testing.local/async/latestactivity,1441726819,
5041f1,10.1.0.1,GET,http://testing.local/async/latestactivity,1441726849,
3ab21e,10.1.0.1,GET,http://testing.local/async/latestactivity,1441726879,
f3b0f3,10.1.0.1,GET,http://testing.local/async/latestactivity,1441726909,
98b49d,10.1.0.1,GET,http://testing.local/async/latestactivity,1441726939,
e05480,10.1.0.1,GET,http://testing.local/async/latestactivity,1441726969,
4c2cb0,10.1.0.1,GET,http://testing.local/async/latestactivity,1441726999,
c4b596,10.1.0.1,GET,http://testing.local/async/latestactivity,1441727029,
bbdd24,10.1.0.1,GET,http://testing.local/async/latestactivity,1441727059,
3ff61b,10.1.0.1,GET,http://testing.local/async/latestactivity,1441727089,
a8b8b6,10.1.0.1,GET,http://testing.local/async/latestactivity,1441727119,
67c0c3,10.1.0.1,GET,http://testing.local/async/latestactivity,1441727149,
7e2b26,10.1.0.1,GET,http://testing.local/async/latestactivity,1441727179,
ac919f,10.1.0.1,GET,http://testing.local/async/latestactivity,1441727209,
ba39bb,10.1.0.1,GET,http://testing.local/async/latestactivity,1441727239,
433138,10.1.0.1,GET,http://testing.local/async/latestactivity,1441727269,
41891d,10.1.0.1,GET,http://testing.local/async/latestactivity,1441727299,
5521c9,10.1.0.1,GET,http://testing.local/async/latestactivity,1441727329,
99c831,10.1.0.1,GET,http://testing.local/async/latestactivity,1441727359,
cff898,10.1.0.1,GET,http://testing.local/async/latestactivity,1441727389,
1c3930,10.1.0.1,GET,http://testing.local/async/latestactivity,1441727419,
fb0ade,10.1.0.1,GET,http://testing.local/async/latestactivity,1441727449,
a51df5,10.1.0.1,GET,http://testing.local/async/latestactivity,1441727479,
f0ae0e,10.1.0.1,GET,http://testing.local/async/latestactivity,1441727509,
3d305e,10.1.0.1,GET,http://testing.local/async/latestactivity,1441727539,
bc7df7,10.1.0.1,GET,http://testing.local/async/latestactivity,1441727569,
74658f,10.1.0.1,GET,http://testing.local/async/latestactivity,1441727599,
158958,10.1.0.1,GET,http://testing.local/async/latestactivity,1441727629,
7b06bb,10.1.0.1,GET,http://testing.local/async/latestactivity,1441727659,
d57204,10.1.0.1,GET,http://testing.local/async/latestactivity,1441727689,
da4cd1,10.1.0.1,GET,http://testing.local/async/latestactivity,1441727719,
77f7b4,10.1.0.1,GET,http://testing.local/async/latestactivity,1441727749,
208132,10.1.0.1,GET,http://testing.local/async/latestactivity,1441727779,
4ae1f4,10.1.0.1,GET,http://testing.local/async/latestactivity,1441727809,
f9b52a,10.1.0.1,GET,http://testing.local/async/latestactivity,1441727839,
9049c4,10.1.0.1,GET,http://testing.local/async/latestactivity,1441727869,
6af385,10.1.0.1,GET,http://testing.local/async/latestactivity,1441727899,
7870fd,10.1.0.1,GET,http://testing.local/async/latestactivity,1441727929,
6170c1,10.1.0.1,GET,http://testing.local/async/latestactivity,1441727959,
cdb4d6,10.1.0.1,GET,http://testing.local/async/latestactivity,1441727989,
eef279,127.0.0.1,GET,http://testing.local/async/lastmodified/pages,1441727990,b5c17d
b5c17d,10.1.0.1,GET,http://testing.local/bolt/overview/pages,1441727990,
0eab21,127.0.0.1,GET,http://testing.local/async/lastmodified/pages,1441727993,6e2bba
764ca9,127.0.0.1,GET,http://testing.local/async/showstack?items=10,1441727993,6e2bba
6e2bba,10.1.0.1,GET,http://testing.local/bolt/editcontent/pages,1441727993,
ed8ac1,10.1.0.1,GET,http://testing.local/async/makeuri?contenttypeslug=pages&fulluri=false&id=&slugfield=slug&title=,1441727993,
ba0742,10.1.0.1,GET,http://testing.local/async/makeuri?contenttypeslug=pages&fulluri=false&id=&slugfield=slug&title=Testing%20testing%20123,1441727998,
5335fd,10.1.0.1,GET,http://testing.local/async/makeuri?contenttypeslug=pages&fulluri=false&id=&slugfield=slug&title=Testing%20testing%20123,1441728000,
2c55d1,10.1.0.1,POST,http://testing.local/upload?handler=,1441728006,
65fd06,10.1.0.1,GET,http://testing.local/thumbs/200x150c/2015-09/screen-shot-2015-08-26-at-11.11.30.png,1441728006,
817736,10.1.0.1,GET,http://testing.local/async/addstack/2015-09/screen-shot-2015-08-26-at-11.11.30.png,1441728007,
4d82e5,10.1.0.1,GET,http://testing.local/thumbs/100x100c/2015-09/screen-shot-2015-08-26-at-11.11.30.png,1441728007,
fa5e69,10.1.0.1,GET,http://testing.local/thumbs/100x100c/2015-09/screen-shot-2015-08-26-at-11.11.30.png,1441728007,
a1192d,10.1.0.1,POST,http://testing.local/bolt/editcontent/pages?returnto=new,1441728050,
a5d223,127.0.0.1,GET,http://testing.local/async/lastmodified/pages,1441728051,cc3d1b
81292c,127.0.0.1,GET,http://testing.local/async/showstack?items=10,1441728051,cc3d1b
cc3d1b,10.1.0.1,GET,http://testing.local/bolt/editcontent/pages/1,1441728051,
cce6ca,10.1.0.1,GET,http://testing.local/thumbs/200x150c/2015-09/screen-shot-2015-08-26-at-11.11.30.png,1441728051,
70208d,10.1.0.1,GET,http://testing.local/thumbs/100x100c/2015-09/screen-shot-2015-08-26-at-11.11.30.png,1441728051,
7247f4,10.1.0.1,POST,http://testing.local/preview/page,1441728054,
64c1d8,10.1.0.1,GET,http://testing.local/thumbs/696x400c/2015-09/screen-shot-2015-08-26-at-11.11.30.png,1441728055,
6ccf94,10.1.0.1,GET,http://testing.local/page/testing-testing-123,1441728073,
751c91,10.1.0.1,GET,http://testing.local/page/testing-testing-123,1441728087,
0486ba,10.1.0.1,POST,http://testing.local/bolt/editcontent/pages/1?returnto=ajax,1441728111,
816f78,10.1.0.1,POST,http://testing.local/preview/page,1441728113,
8110e2,10.1.0.1,GET,http://testing.local/thumbs/400x260c/2015-09/screen-shot-2015-08-26-at-11.11.30.png,1441728114,
ccbc77,10.1.0.1,GET,http://testing.local/pages,1441728312,
0a30bc,10.1.0.1,GET,http://testing.local/entry/2,1441728315,
0f2ca2,10.1.0.1,POST,http://testing.local/preview/page,1441728586,
7468c0,10.1.0.1,GET,http://testing.local/thumbs/400x260c/2015-09/screen-shot-2015-08-26-at-11.11.30.png,1441728586,
7a8e3f,127.0.0.1,GET,http://testing.local/async/dashboardnews,1441728625,6b4ca0
3d867b,127.0.0.1,GET,http://testing.local/async/showstack?items=10,1441728625,6b4ca0
50ac4b,127.0.0.1,GET,http://testing.local/async/latestactivity,1441728625,6b4ca0
6b4ca0,10.1.0.1,GET,http://testing.local/bolt,1441728625,
d9fd68,10.1.0.1,GET,http://testing.local/thumbs/54x41c/2015-09/screen-shot-2015-08-26-at-11.11.30.png,1441728626,
547745,10.1.0.1,GET,http://testing.local/thumbs/100x100c/2015-09/screen-shot-2015-08-26-at-11.11.30.png,1441728626,
419bf4,10.1.0.1,GET,http://testing.local/async/latestactivity,1441728656,
a8157e,10.1.0.1,GET,http://testing.local/async/latestactivity,1441728686,
4506bc,10.1.0.1,GET,http://testing.local/async/latestactivity,1441728716,
3b4811,10.1.0.1,GET,http://testing.local/async/latestactivity,1441728746,
9d54d5,10.1.0.1,GET,http://testing.local/async/latestactivity,1441728776,
a98af4,10.1.0.1,GET,http://testing.local/async/latestactivity,1441728806,
e5ddca,10.1.0.1,GET,http://testing.local/async/latestactivity,1441728836,
859704,10.1.0.1,GET,http://testing.local/async/latestactivity,1441728866,
af3de4,10.1.0.1,GET,http://testing.local/async/latestactivity,1441728896,
a8e30d,10.1.0.1,GET,http://testing.local/async/latestactivity,1441728926,
b1cfd0,10.1.0.1,GET,http://testing.local/async/latestactivity,1441728956,
7d25c6,10.1.0.1,GET,http://testing.local/async/latestactivity,1441728986,
92a0e3,10.1.0.1,GET,http://testing.local/async/latestactivity,1441729016,
aef044,10.1.0.1,GET,http://testing.local/async/latestactivity,1441729046,
b37bc9,10.1.0.1,GET,http://testing.local/async/latestactivity,1441729076,
5e225c,10.1.0.1,GET,http://testing.local/async/latestactivity,1441729106,
09fb86,10.1.0.1,GET,http://testing.local/async/latestactivity,1441729136,
3ef9d1,10.1.0.1,GET,http://testing.local/async/latestactivity,1441729166,
668c82,10.1.0.1,GET,http://testing.local/async/latestactivity,1441729196,
649d4a,10.1.0.1,GET,http://testing.local/async/latestactivity,1441729226,
a6e768,10.1.0.1,GET,http://testing.local/async/latestactivity,1441729256,
384e5d,10.1.0.1,GET,http://testing.local/async/latestactivity,1441729286,
cfd43c,10.1.0.1,GET,http://testing.local/async/latestactivity,1441729316,
b8cc55,10.1.0.1,GET,http://testing.local/async/latestactivity,1441729346,
36f9c6,10.1.0.1,GET,http://testing.local/async/latestactivity,1441729376,
5d2ac8,10.1.0.1,GET,http://testing.local/async/latestactivity,1441729406,
29ecc2,10.1.0.1,GET,http://testing.local/async/latestactivity,1441729436,
17901d,10.1.0.1,GET,http://testing.local/async/latestactivity,1441729466,
2673e8,10.1.0.1,GET,http://testing.local/async/latestactivity,1441729496,
5a6d39,10.1.0.1,GET,http://testing.local/async/latestactivity,1441729526,
3dd87e,10.1.0.1,GET,http://testing.local/async/latestactivity,1441729556,
828b97,10.1.0.1,GET,http://testing.local/async/latestactivity,1441729586,
e32d0e,10.1.0.1,GET,http://testing.local/async/latestactivity,1441729616,
c1a217,10.1.0.1,GET,http://testing.local/async/latestactivity,1441729646,
59d070,10.1.0.1,GET,http://testing.local/async/latestactivity,1441729676,
9bc3f6,10.1.0.1,GET,http://testing.local/async/latestactivity,1441729706,
7d145c,10.1.0.1,GET,http://testing.local/async/latestactivity,1441729736,
aa1285,10.1.0.1,GET,http://testing.local/async/latestactivity,1441729766,
df75c4,10.1.0.1,GET,http://testing.local/async/latestactivity,1441729796,
6845ab,10.1.0.1,GET,http://testing.local/async/latestactivity,1441729826,
e279ab,10.1.0.1,GET,http://testing.local/async/latestactivity,1441729856,
b3baa3,10.1.0.1,GET,http://testing.local/async/latestactivity,1441729886,
689303,10.1.0.1,GET,http://testing.local/async/latestactivity,1441729916,
518539,10.1.0.1,GET,http://testing.local/async/latestactivity,1441729946,
96cc19,10.1.0.1,GET,http://testing.local/async/latestactivity,1441729976,
296992,10.1.0.1,GET,http://testing.local/async/latestactivity,1441730006,
630918,10.1.0.1,GET,http://testing.local/async/latestactivity,1441730036,
9d6ff6,10.1.0.1,GET,http://testing.local/async/latestactivity,1441730066,
23c80c,10.1.0.1,GET,http://testing.local/async/latestactivity,1441730096,
0fb9f8,10.1.0.1,GET,http://testing.local/async/latestactivity,1441730126,
62c127,10.1.0.1,GET,http://testing.local/async/latestactivity,1441730156,
84965d,10.1.0.1,GET,http://testing.local/async/latestactivity,1441730186,
9b8891,10.1.0.1,GET,http://testing.local/async/latestactivity,1441730216,
5047e1,10.1.0.1,GET,http://testing.local/async/latestactivity,1441730246,
4f15e9,10.1.0.1,GET,http://testing.local/async/latestactivity,1441730276,
29f950,10.1.0.1,GET,http://testing.local/async/latestactivity,1441730306,
852345,10.1.0.1,GET,http://testing.local/async/latestactivity,1441730336,
ef0c57,10.1.0.1,GET,http://testing.local/async/latestactivity,1441730366,
d84107,10.1.0.1,GET,http://testing.local/async/latestactivity,1441730396,
0f3f53,10.1.0.1,GET,http://testing.local/async/latestactivity,1441730426,
b82ee0,10.1.0.1,GET,http://testing.local/async/latestactivity,1441730456,
2c5a9c,10.1.0.1,GET,http://testing.local/async/latestactivity,1441730486,
9615b4,10.1.0.1,GET,http://testing.local/async/latestactivity,1441730516,
9ecf4c,10.1.0.1,GET,http://testing.local/async/latestactivity,1441730546,
92b1c4,10.1.0.1,GET,http://testing.local/async/latestactivity,1441730576,
cfa412,10.1.0.1,GET,http://testing.local/async/latestactivity,1441730606,
5720a0,10.1.0.1,GET,http://testing.local/async/latestactivity,1441730636,
751a2a,10.1.0.1,GET,http://testing.local/async/latestactivity,1441730666,
963361,10.1.0.1,GET,http://testing.local/async/latestactivity,1441730696,
